{
  "avg_throughput_mbps": 1.9444498991586205,
  "avg_bitrate_selected_mbps": 1.0,
  "jitter_mbps": 0.0,
  "rebuffering_ratio": 0.9443866726483222,
  "total_stalls": 5.114244222640991,
  "fairness_index": 1.0,
  "per_stream_avg_throughput_mbps": {
    "32": 14722007.04
  },
  "throughput_timeseries": [
    [
      5.139868259429932,
      5.101103358218997
    ]
  ],
  "buffer_timeseries": [
    [
      0.10050535202026367,
      0.0
    ],
    [
      0.20093965530395508,
      0.0
    ],
    [
      0.3012216091156006,
      0.0
    ],
    [
      0.40146660804748535,
      0.0
    ],
    [
      0.5017139911651611,
      0.0
    ],
    [
      0.6019537448883057,
      0.0
    ],
    [
      0.7021427154541016,
      0.0
    ],
    [
      0.8024647235870361,
      0.0
    ],
    [
      0.9026875495910645,
      0.0
    ],
    [
      1.0029230117797852,
      0.0
    ],
    [
      1.1031553745269775,
      0.0
    ],
    [
      1.2034518718719482,
      0.0
    ],
    [
      1.303666591644287,
      0.0
    ],
    [
      1.403897762298584,
      0.0
    ],
    [
      1.5041556358337402,
      0.0
    ],
    [
      1.6044025421142578,
      0.0
    ],
    [
      1.7046329975128174,
      0.0
    ],
    [
      1.804980993270874,
      0.0
    ],
    [
      1.9067885875701904,
      0.0
    ],
    [
      2.007044792175293,
      0.0
    ],
    [
      2.107288360595703,
      0.0
    ],
    [
      2.2075366973876953,
      0.0
    ],
    [
      2.3078763484954834,
      0.0
    ],
    [
      2.408102512359619,
      0.0
    ],
    [
      2.5082919597625732,
      0.0
    ],
    [
      2.608515977859497,
      0.0
    ],
    [
      2.708850145339966,
      0.0
    ],
    [
      2.8090827465057373,
      0.0
    ],
    [
      2.9093475341796875,
      0.0
    ],
    [
      3.009585380554199,
      0.0
    ],
    [
      3.109809160232544,
      0.0
    ],
    [
      3.21002459526062,
      0.0
    ],
    [
      3.310267210006714,
      0.0
    ],
    [
      3.4105138778686523,
      0.0
    ],
    [
      3.5108072757720947,
      0.0
    ],
    [
      3.6110451221466064,
      0.0
    ],
    [
      3.711296319961548,
      0.0
    ],
    [
      3.8115367889404297,
      0.0
    ],
    [
      3.911773681640625,
      0.0
    ],
    [
      4.011998653411865,
      0.0
    ],
    [
      4.112229108810425,
      0.0
    ],
    [
      4.212435245513916,
      0.0
    ],
    [
      4.312705039978027,
      0.0
    ],
    [
      4.412999629974365,
      0.0
    ],
    [
      4.513204336166382,
      0.0
    ],
    [
      4.613403081893921,
      0.0
    ],
    [
      4.7137157917022705,
      0.0
    ],
    [
      4.8139426708221436,
      0.0
    ],
    [
      4.91417121887207,
      0.0
    ],
    [
      5.014367580413818,
      0.0
    ],
    [
      5.114515066146851,
      0.0
    ],
    [
      5.214767694473267,
      10.429747371673583
    ],
    [
      5.315021991729736,
      10.329493074417114
    ],
    [
      5.415252685546875,
      10.229262380599975
    ]
  ],
  "bitrate_timeseries": [
    [
      5.139864444732666,
      1.0
    ]
  ]
}