{
  "avg_throughput_mbps": 1.9452162910266977,
  "avg_bitrate_selected_mbps": 1.0,
  "jitter_mbps": 0.0,
  "rebuffering_ratio": 0.9443595999654877,
  "total_stalls": 5.1120827198028564,
  "fairness_index": 1.0,
  "per_stream_avg_throughput_mbps": {
    "32": 44166021.12
  },
  "throughput_timeseries": [
    [
      5.148896932601929,
      5.0791141420129575
    ]
  ],
  "buffer_timeseries": [
    [
      0.10080599784851074,
      0.0
    ],
    [
      0.20118308067321777,
      0.0
    ],
    [
      0.3013877868652344,
      0.0
    ],
    [
      0.40160202980041504,
      0.0
    ],
    [
      0.501800537109375,
      0.0
    ],
    [
      0.6020779609680176,
      0.0
    ],
    [
      0.702233076095581,
      0.0
    ],
    [
      0.8023428916931152,
      0.0
    ],
    [
      0.9025814533233643,
      0.0
    ],
    [
      1.0028793811798096,
      0.0
    ],
    [
      1.1031579971313477,
      0.0
    ],
    [
      1.2034192085266113,
      0.0
    ],
    [
      1.303657054901123,
      0.0
    ],
    [
      1.4039254188537598,
      0.0
    ],
    [
      1.5041651725769043,
      0.0
    ],
    [
      1.6044182777404785,
      0.0
    ],
    [
      1.704695224761963,
      0.0
    ],
    [
      1.804945468902588,
      0.0
    ],
    [
      1.9051785469055176,
      0.0
    ],
    [
      2.0054376125335693,
      0.0
    ],
    [
      2.1056833267211914,
      0.0
    ],
    [
      2.205918312072754,
      0.0
    ],
    [
      2.30615234375,
      0.0
    ],
    [
      2.406367540359497,
      0.0
    ],
    [
      2.5065598487854004,
      0.0
    ],
    [
      2.6067821979522705,
      0.0
    ],
    [
      2.7070722579956055,
      0.0
    ],
    [
      2.807344436645508,
      0.0
    ],
    [
      2.9075801372528076,
      0.0
    ],
    [
      3.007826328277588,
      0.0
    ],
    [
      3.1081366539001465,
      0.0
    ],
    [
      3.208366632461548,
      0.0
    ],
    [
      3.3085756301879883,
      0.0
    ],
    [
      3.4087905883789062,
      0.0
    ],
    [
      3.5090646743774414,
      0.0
    ],
    [
      3.6092488765716553,
      0.0
    ],
    [
      3.709493398666382,
      0.0
    ],
    [
      3.8096818923950195,
      0.0
    ],
    [
      3.9098916053771973,
      0.0
    ],
    [
      4.010106801986694,
      0.0
    ],
    [
      4.110296249389648,
      0.0
    ],
    [
      4.210470199584961,
      0.0
    ],
    [
      4.310648202896118,
      0.0
    ],
    [
      4.410897731781006,
      0.0
    ],
    [
      4.5111472606658936,
      0.0
    ],
    [
      4.611268997192383,
      0.0
    ],
    [
      4.7114739418029785,
      0.0
    ],
    [
      4.811683416366577,
      0.0
    ],
    [
      4.911891460418701,
      0.0
    ],
    [
      5.012150287628174,
      0.0
    ],
    [
      5.112370491027832,
      0.0
    ],
    [
      5.212575674057007,
      10.429794816970825
    ],
    [
      5.312791347503662,
      10.32957914352417
    ],
    [
      5.413115978240967,
      10.229254512786865
    ]
  ],
  "bitrate_timeseries": [
    [
      5.148892879486084,
      1.0
    ]
  ]
}