time_sec,throughput_mbps
4.634822607040405,6.74924209284169
