time_sec,throughput_mbps
4.6148412227630615,6.8473920543251605
