{
  "avg_throughput_mbps": 2.1874689145392767,
  "avg_bitrate_selected_mbps": 1.0,
  "jitter_mbps": 0.0,
  "rebuffering_ratio": 0.9582429689098836,
  "total_stalls": 4.612773418426514,
  "fairness_index": 1.0,
  "per_stream_avg_throughput_mbps": {
    "32": 22083010.56
  },
  "throughput_timeseries": [
    [
      4.632477760314941,
      6.845245104945341
    ]
  ],
  "buffer_timeseries": [
    [
      0.1005711555480957,
      0.0
    ],
    [
      0.20078110694885254,
      0.0
    ],
    [
      0.30101823806762695,
      0.0
    ],
    [
      0.4013080596923828,
      0.0
    ],
    [
      0.5015928745269775,
      0.0
    ],
    [
      0.6018187999725342,
      0.0
    ],
    [
      0.7022175788879395,
      0.0
    ],
    [
      0.8026683330535889,
      0.0
    ],
    [
      0.9030501842498779,
      0.0
    ],
    [
      1.0033094882965088,
      0.0
    ],
    [
      1.103592872619629,
      0.0
    ],
    [
      1.203829050064087,
      0.0
    ],
    [
      1.3040659427642822,
      0.0
    ],
    [
      1.4043021202087402,
      0.0
    ],
    [
      1.5045433044433594,
      0.0
    ],
    [
      1.6047677993774414,
      0.0
    ],
    [
      1.7052311897277832,
      0.0
    ],
    [
      1.8054649829864502,
      0.0
    ],
    [
      1.9056932926177979,
      0.0
    ],
    [
      2.006007432937622,
      0.0
    ],
    [
      2.106266975402832,
      0.0
    ],
    [
      2.2065320014953613,
      0.0
    ],
    [
      2.3067660331726074,
      0.0
    ],
    [
      2.4072253704071045,
      0.0
    ],
    [
      2.507452964782715,
      0.0
    ],
    [
      2.6078755855560303,
      0.0
    ],
    [
      2.7082531452178955,
      0.0
    ],
    [
      2.8084957599639893,
      0.0
    ],
    [
      2.9089102745056152,
      0.0
    ],
    [
      3.00909161567688,
      0.0
    ],
    [
      3.1093406677246094,
      0.0
    ],
    [
      3.209599018096924,
      0.0
    ],
    [
      3.309969186782837,
      0.0
    ],
    [
      3.410179376602173,
      0.0
    ],
    [
      3.510392665863037,
      0.0
    ],
    [
      3.6105825901031494,
      0.0
    ],
    [
      3.7109475135803223,
      0.0
    ],
    [
      3.8112494945526123,
      0.0
    ],
    [
      3.911449670791626,
      0.0
    ],
    [
      4.0116822719573975,
      0.0
    ],
    [
      4.111893177032471,
      0.0
    ],
    [
      4.2121264934539795,
      0.0
    ],
    [
      4.312349319458008,
      0.0
    ],
    [
      4.412553548812866,
      0.0
    ],
    [
      4.5129594802856445,
      0.0
    ],
    [
      4.613162040710449,
      0.0
    ],
    [
      4.713395357131958,
      10.42976668357849
    ],
    [
      4.813638210296631,
      10.329523830413818
    ]
  ],
  "bitrate_timeseries": [
    [
      4.632471084594727,
      1.0
    ]
  ]
}