{
  "avg_throughput_mbps": 2.1865951631345957,
  "avg_bitrate_selected_mbps": 1.0,
  "jitter_mbps": 0.0,
  "rebuffering_ratio": 0.9582598461591474,
  "total_stalls": 4.6146979331970215,
  "fairness_index": 1.0,
  "per_stream_avg_throughput_mbps": {
    "32": 22083010.56
  },
  "throughput_timeseries": [
    [
      4.640563011169434,
      6.744208554540244
    ]
  ],
  "buffer_timeseries": [
    [
      0.10047507286071777,
      0.0
    ],
    [
      0.2007298469543457,
      0.0
    ],
    [
      0.3009939193725586,
      0.0
    ],
    [
      0.4014465808868408,
      0.0
    ],
    [
      0.5017199516296387,
      0.0
    ],
    [
      0.6020524501800537,
      0.0
    ],
    [
      0.7025291919708252,
      0.0
    ],
    [
      0.802804708480835,
      0.0
    ],
    [
      0.9030680656433105,
      0.0
    ],
    [
      1.0033197402954102,
      0.0
    ],
    [
      1.1035163402557373,
      0.0
    ],
    [
      1.2037501335144043,
      0.0
    ],
    [
      1.3040962219238281,
      0.0
    ],
    [
      1.4044785499572754,
      0.0
    ],
    [
      1.504739761352539,
      0.0
    ],
    [
      1.6049840450286865,
      0.0
    ],
    [
      1.705418348312378,
      0.0
    ],
    [
      1.8057067394256592,
      0.0
    ],
    [
      1.9060661792755127,
      0.0
    ],
    [
      2.0064542293548584,
      0.0
    ],
    [
      2.106717824935913,
      0.0
    ],
    [
      2.207139730453491,
      0.0
    ],
    [
      2.307398796081543,
      0.0
    ],
    [
      2.4076476097106934,
      0.0
    ],
    [
      2.5079119205474854,
      0.0
    ],
    [
      2.608234167098999,
      0.0
    ],
    [
      2.7085397243499756,
      0.0
    ],
    [
      2.8091578483581543,
      0.0
    ],
    [
      2.909364938735962,
      0.0
    ],
    [
      3.0096492767333984,
      0.0
    ],
    [
      3.1099319458007812,
      0.0
    ],
    [
      3.210205316543579,
      0.0
    ],
    [
      3.3105061054229736,
      0.0
    ],
    [
      3.4107511043548584,
      0.0
    ],
    [
      3.5110342502593994,
      0.0
    ],
    [
      3.611635684967041,
      0.0
    ],
    [
      3.712015390396118,
      0.0
    ],
    [
      3.8123133182525635,
      0.0
    ],
    [
      3.9125423431396484,
      0.0
    ],
    [
      4.012863636016846,
      0.0
    ],
    [
      4.113234758377075,
      0.0
    ],
    [
      4.2135910987854,
      0.0
    ],
    [
      4.313838958740234,
      0.0
    ],
    [
      4.414491891860962,
      0.0
    ],
    [
      4.514740943908691,
      0.0
    ],
    [
      4.61498498916626,
      0.0
    ],
    [
      4.715251922607422,
      10.429733066558837
    ],
    [
      4.815563917160034,
      10.329421072006225
    ]
  ],
  "bitrate_timeseries": [
    [
      4.64055871963501,
      1.0
    ]
  ]
}