{
  "avg_throughput_mbps": 2.1435688146850556,
  "avg_bitrate_selected_mbps": 1.0,
  "jitter_mbps": 0.0,
  "rebuffering_ratio": 0.9590924407906497,
  "total_stalls": 4.711415529251099,
  "fairness_index": 1.0,
  "per_stream_avg_throughput_mbps": {},
  "throughput_timeseries": [
    [
      4.72812557220459,
      6.36728106588978
    ]
  ],
  "buffer_timeseries": [
    [
      0.10055899620056152,
      0.0
    ],
    [
      0.20076680183410645,
      0.0
    ],
    [
      0.30096435546875,
      0.0
    ],
    [
      0.4012024402618408,
      0.0
    ],
    [
      0.5014305114746094,
      0.0
    ],
    [
      0.6016566753387451,
      0.0
    ],
    [
      0.701920747756958,
      0.0
    ],
    [
      0.8022346496582031,
      0.0
    ],
    [
      0.902458667755127,
      0.0
    ],
    [
      1.002678394317627,
      0.0
    ],
    [
      1.1028742790222168,
      0.0
    ],
    [
      1.2032246589660645,
      0.0
    ],
    [
      1.3034849166870117,
      0.0
    ],
    [
      1.403778076171875,
      0.0
    ],
    [
      1.5040419101715088,
      0.0
    ],
    [
      1.6042838096618652,
      0.0
    ],
    [
      1.7045018672943115,
      0.0
    ],
    [
      1.8047354221343994,
      0.0
    ],
    [
      1.9050345420837402,
      0.0
    ],
    [
      2.0053064823150635,
      0.0
    ],
    [
      2.1055915355682373,
      0.0
    ],
    [
      2.205878257751465,
      0.0
    ],
    [
      2.306093215942383,
      0.0
    ],
    [
      2.406327247619629,
      0.0
    ],
    [
      2.5065743923187256,
      0.0
    ],
    [
      2.6067662239074707,
      0.0
    ],
    [
      2.707016944885254,
      0.0
    ],
    [
      2.807342529296875,
      0.0
    ],
    [
      2.907566785812378,
      0.0
    ],
    [
      3.0077970027923584,
      0.0
    ],
    [
      3.1079912185668945,
      0.0
    ],
    [
      3.208224058151245,
      0.0
    ],
    [
      3.3084871768951416,
      0.0
    ],
    [
      3.4087090492248535,
      0.0
    ],
    [
      3.5089385509490967,
      0.0
    ],
    [
      3.609274387359619,
      0.0
    ],
    [
      3.7095437049865723,
      0.0
    ],
    [
      3.8097691535949707,
      0.0
    ],
    [
      3.909963607788086,
      0.0
    ],
    [
      4.010246753692627,
      0.0
    ],
    [
      4.110456228256226,
      0.0
    ],
    [
      4.210668325424194,
      0.0
    ],
    [
      4.310867547988892,
      0.0
    ],
    [
      4.411082744598389,
      0.0
    ],
    [
      4.511285305023193,
      0.0
    ],
    [
      4.611488580703735,
      0.0
    ],
    [
      4.7117533683776855,
      0.0
    ],
    [
      4.81200385093689,
      10.429749517440795
    ],
    [
      4.912233591079712,
      10.329519777297973
    ]
  ],
  "bitrate_timeseries": [
    [
      4.728121995925903,
      1.0
    ]
  ]
}