{
  "avg_throughput_mbps": 2.1884666544408047,
  "avg_bitrate_selected_mbps": 1.0,
  "jitter_mbps": 0.0,
  "rebuffering_ratio": 0.9582445855841629,
  "total_stalls": 4.610678195953369,
  "fairness_index": 1.0,
  "per_stream_avg_throughput_mbps": {},
  "throughput_timeseries": [
    [
      4.616415023803711,
      6.826544267257396
    ]
  ],
  "buffer_timeseries": [
    [
      0.10046195983886719,
      0.0
    ],
    [
      0.20066475868225098,
      0.0
    ],
    [
      0.30086350440979004,
      0.0
    ],
    [
      0.40108156204223633,
      0.0
    ],
    [
      0.5013225078582764,
      0.0
    ],
    [
      0.6015543937683105,
      0.0
    ],
    [
      0.7017970085144043,
      0.0
    ],
    [
      0.8020050525665283,
      0.0
    ],
    [
      0.9022889137268066,
      0.0
    ],
    [
      1.0025131702423096,
      0.0
    ],
    [
      1.102707862854004,
      0.0
    ],
    [
      1.202932596206665,
      0.0
    ],
    [
      1.3032004833221436,
      0.0
    ],
    [
      1.4034452438354492,
      0.0
    ],
    [
      1.5036649703979492,
      0.0
    ],
    [
      1.60390305519104,
      0.0
    ],
    [
      1.704268455505371,
      0.0
    ],
    [
      1.8044970035552979,
      0.0
    ],
    [
      1.9047610759735107,
      0.0
    ],
    [
      2.004984140396118,
      0.0
    ],
    [
      2.1052329540252686,
      0.0
    ],
    [
      2.205472946166992,
      0.0
    ],
    [
      2.305652618408203,
      0.0
    ],
    [
      2.405897378921509,
      0.0
    ],
    [
      2.5061614513397217,
      0.0
    ],
    [
      2.6064014434814453,
      0.0
    ],
    [
      2.706622838973999,
      0.0
    ],
    [
      2.8068768978118896,
      0.0
    ],
    [
      2.907085418701172,
      0.0
    ],
    [
      3.0073368549346924,
      0.0
    ],
    [
      3.1075360774993896,
      0.0
    ],
    [
      3.2077577114105225,
      0.0
    ],
    [
      3.3079545497894287,
      0.0
    ],
    [
      3.408271551132202,
      0.0
    ],
    [
      3.508415937423706,
      0.0
    ],
    [
      3.608657121658325,
      0.0
    ],
    [
      3.708864688873291,
      0.0
    ],
    [
      3.809061050415039,
      0.0
    ],
    [
      3.909269332885742,
      0.0
    ],
    [
      4.009486675262451,
      0.0
    ],
    [
      4.109745502471924,
      0.0
    ],
    [
      4.209965229034424,
      0.0
    ],
    [
      4.310184717178345,
      0.0
    ],
    [
      4.410486698150635,
      0.0
    ],
    [
      4.510730028152466,
      0.0
    ],
    [
      4.6109459400177,
      0.0
    ],
    [
      4.711250305175781,
      10.429695634841918
    ],
    [
      4.811472654342651,
      10.329473285675048
    ]
  ],
  "bitrate_timeseries": [
    [
      4.616411447525024,
      1.0
    ]
  ]
}